"","X","Country","code","infect","nofood","cancer","pop","gdppc","cancerpop","infectpop","nofoodpop","cancer.r.val","infect.r.value","nofood.r.value","gdppcc","infectpopc","cancerpopc","nofoodpopc"
"1",1,"Afghanistan",4,43.65529028,0.79384843,16.19882803,29185.511,550.8871591,0.00055503,0.001495786,2.72e-05,0.523993465,-0.373706146,-0.325812741,"Low","Medium","Medium","Medium"
"2",2,"Albania",8,0.14145453,0.00754169,4.699676646,2948.029,4045.744651,0.001594176,4.8e-05,2.56e-06,NA,NA,NA,"MediumHigh","Low","Medium","Low"
"3",3,"Algeria",12,6.72941284,0.159137581,20.54767929,35977.451,4480.786786,0.000571127,0.000187045,4.42e-06,NA,NA,NA,"MediumHigh","Medium","Medium","Low"
"4",4,"Angola",24,85.04656442,9.056091632,7.041462822,23356.247,3587.883041,0.000301481,0.003641277,0.000387737,NA,NA,NA,"MediumLow","High","Low","High"
"5",5,"Antigua and Barbuda",28,0.027313457,0.004668586,0.1018924,88.03,13049.25705,0.001157474,0.000310274,5.3e-05,NA,NA,NA,"High","Medium","Medium","Medium"
"6",6,"Argentina",32,14.83911611,1.71216651,63.8853672,40895.751,10428.6488,0.001562152,0.000362852,4.19e-05,NA,NA,NA,"MediumHigh","Medium","Medium","Medium"
"7",7,"Armenia",51,0.457337193,0.003183478,7.769158883,2877.314,3432.145612,0.002700143,0.000158946,1.11e-06,NA,NA,NA,"MediumLow","Medium","High","Low"
"8",8,"Australia",36,1.95182524,0.2348809,42.50794313,22154.687,58654.11439,0.001918688,8.81e-05,1.06e-05,NA,NA,NA,"High","Low","High","Medium"
"9",9,"Austria",40,0.430712492,0.044374823,20.30779425,8409.945,46598.70667,0.002414736,5.12e-05,5.28e-06,NA,NA,NA,"High","Low","High","Low"
"10",10,"Azerbaijan",31,1.718563453,0.040338346,8.904070573,9032.465,5857.318274,0.000985785,0.000190265,4.47e-06,NA,NA,NA,"MediumHigh","Medium","Medium","Low"
"11",11,"Bahamas",44,0.216258339,0.004023514,0.395413857,354.936,28443.52035,0.001114043,0.000609288,1.13e-05,NA,NA,NA,"High","Medium","Medium","Medium"
"12",12,"Bahrain",48,0.052947295,0.004787619,0.362697371,1240.864,20722.13729,0.000292294,4.27e-05,3.86e-06,NA,NA,NA,"High","Low","Low","Low"
"13",13,"Bangladesh",50,156.9325563,10.32976751,87.63094699,147575.433,775.9272509,0.000593804,0.001063406,7e-05,NA,NA,NA,"Low","Medium","Medium","Medium"
"14",14,"Barbados",52,0.089051213,0.015214429,0.710100538,282.131,16056.11685,0.002516918,0.000315638,5.39e-05,NA,NA,NA,"High","Medium","High","Medium"
"15",15,"Belarus",112,2.051196375,0.020889321,20.29202738,9420.576,6075.203686,0.002154011,0.000217736,2.22e-06,NA,NA,NA,"MediumHigh","Medium","High","Low"
"16",16,"Belgium",56,2.005168721,0.335130566,28.74897048,10938.735,43967.73975,0.002628181,0.000183309,3.06e-05,NA,NA,NA,"High","Medium","High","Medium"
"17",17,"Belize",84,0.124949772,0.011060859,0.240776434,322.465,4270.799647,0.000746675,0.000387483,3.43e-05,NA,NA,NA,"MediumHigh","Medium","Medium","Medium"
"18",18,"Benin",204,26.08453758,3.213996194,3.16311997,9199.254,757.6974108,0.000343845,0.002835506,0.000349376,NA,NA,NA,"Low","High","Low","High"
"19",19,"Bhutan",64,0.554707945,0.016248815,0.383247644,685.502,2312.848035,0.000559076,0.0008092,2.37e-05,NA,NA,NA,"MediumLow","Medium","Medium","Medium"
"20",20,"Bosnia and Herzegovina",70,0.284250275,0.008037124,6.617127063,3705.478,4635.393495,0.001785769,7.67e-05,2.17e-06,NA,NA,NA,"MediumHigh","Low","High","Low"
"21",21,"Botswana",72,7.232992954,0.101873432,0.913342383,1987.106,6434.7945,0.000459634,0.003639963,5.13e-05,NA,NA,NA,"MediumHigh","High","Low","Medium"
"22",22,"Brazil",76,55.22437048,10.92662359,202.0586024,195713.637,11286.07166,0.00103242,0.000282169,5.58e-05,NA,NA,NA,"MediumHigh","Medium","Medium","Medium"
"23",23,"Brunei Darussalam",96,0.031851793,0.001029719,0.291960506,388.634,35268.89835,0.000751248,8.2e-05,2.65e-06,NA,NA,NA,"High","Low","Medium","Low"
"24",24,"Bulgaria",100,0.662203778,0.045938199,16.98708454,7425.011,6782.963385,0.002287819,8.92e-05,6.19e-06,NA,NA,NA,"MediumHigh","Low","High","Low"
"25",25,"Burkina Faso",854,67.90635071,4.199954173,5.852207298,15605.211,647.2067833,0.000375016,0.004351518,0.000269138,NA,NA,NA,"Low","High","Low","High"
"26",26,"Burundi",108,29.37077752,4.040966435,5.30444399,8675.606,234.2359215,0.000611421,0.003385444,0.000465785,NA,NA,NA,"Low","High","Medium","High"
"27",27,"Cambodia",116,14.00956063,0.561513556,10.86206038,14312.205,785.5025358,0.000758937,0.000978854,3.92e-05,NA,NA,NA,"Low","Medium","Medium","Medium"
"28",28,"Cameroon",120,81.57256015,4.529247489,9.668829285,20341.236,1285.258493,0.000475331,0.004010207,0.000222663,NA,NA,NA,"MediumLow","High","Low","High"
"29",29,"Canada",124,4.895465424,0.537837321,72.47740954,34147.566,47361.08742,0.002122477,0.000143362,1.58e-05,NA,NA,NA,"High","Medium","High","Medium"
"30",30,"Central African Republic",140,29.43902634,2.053700561,2.139020631,4386.765,463.6246804,0.000487608,0.006710874,0.000468158,NA,NA,NA,"Low","High","Low","High"
"31",31,"Chad",148,53.86560011,4.775807815,4.448213457,11952.134,917.8801245,0.000372169,0.004506777,0.000399578,NA,NA,NA,"Low","High","Low","High"
"32",32,"Chile",152,2.133469858,0.769497865,24.25277138,17062.531,12808.03542,0.001421405,0.000125038,4.51e-05,NA,NA,NA,"High","Low","Medium","Medium"
"33",33,"Colombia",170,9.414480741,2.577656718,45.81148168,45222.699,6326.549349,0.00101302,0.00020818,5.7e-05,NA,NA,NA,"MediumHigh","Medium","Medium","Medium"
"34",34,"Comoros",174,1.196298947,0.209550713,0.392000931,689.696,1315.216002,0.000568368,0.001734531,0.000303831,NA,NA,NA,"MediumLow","High","Medium","High"
"35",35,"Congo",178,12.91376069,1.267738387,1.525326177,4273.738,3200.484988,0.000356907,0.003021655,0.000296635,NA,NA,NA,"MediumLow","High","Low","High"
"36",36,"Costa Rica",188,0.480337382,0.043249996,4.972503502,4577.371,8141.917761,0.001086323,0.000104937,9.45e-06,NA,NA,NA,"MediumHigh","Low","Medium","Medium"
"37",37,"Croatia",191,0.34519317,0.015689268,13.59026009,4328.163,13818.29131,0.00313996,7.98e-05,3.62e-06,NA,NA,NA,"High","Low","High","Low"
"38",38,"Cuba",192,0.905446395,0.089232799,22.4598256,11225.833,5730.354775,0.002000727,8.07e-05,7.95e-06,NA,NA,NA,"MediumHigh","Low","High","Medium"
"39",39,"Cyprus",196,0.092330597,0.023199935,1.697103425,1112.617,30993.07091,0.001525326,8.3e-05,2.09e-05,NA,NA,NA,"High","Low","Medium","Medium"
"40",40,"Democratic Republic of the Congo",180,277.3361774,28.98013393,31.21782178,64563.853,334.0219824,0.000483519,0.004295533,0.00044886,NA,NA,NA,"Low","High","Low","High"
"41",41,"Denmark",208,0.910438509,0.183386411,16.43777384,5554.849,57966.58742,0.002959176,0.0001639,3.3e-05,NA,NA,NA,"High","Medium","High","Medium"
"42",42,"Djibouti",262,2.136849356,0.270085493,0.460106465,840.194,1480.188842,0.000547619,0.002543281,0.000321456,NA,NA,NA,"MediumLow","High","Medium","High"
"43",43,"Dominican Republic",214,6.465411193,0.248842694,8.752517025,9695.117,5483.125956,0.000902776,0.000666873,2.57e-05,NA,NA,NA,"MediumHigh","Medium","Medium","Medium"
"44",44,"Ecuador",218,3.491021885,0.930002585,12.42357308,15011.114,4633.590358,0.000827625,0.000232562,6.2e-05,NA,NA,NA,"MediumHigh","Medium","Medium","Medium"
"45",45,"Egypt",818,13.06843069,1.285735844,70.82370317,82761.244,2593.368405,0.000855759,0.000157905,1.55e-05,NA,NA,NA,"MediumLow","Medium","Medium","Medium"
"46",46,"El Salvador",222,1.329695125,0.342888136,5.735606412,6183.877,2983.230165,0.00092751,0.000215026,5.54e-05,NA,NA,NA,"MediumLow","Medium","Medium","Medium"
"47",47,"Equatorial Guinea",226,3.004760928,0.316699454,0.417683412,943.64,17272.0026,0.00044263,0.003184224,0.000335615,NA,NA,NA,"High","High","Low","High"
"48",48,"Eritrea",232,7.956166639,1.382507391,2.220261109,3170.437,667.7441773,0.000700301,0.002509486,0.000436062,NA,NA,NA,"Low","High","Medium","High"
"49",49,"Estonia",233,0.134363631,0.006108383,3.60636106,1332.103,14786.24228,0.002707269,0.000100866,4.59e-06,NA,NA,NA,"High","Low","High","Low"
"50",50,"Ethiopia",231,218.3753467,21.88388492,41.81606384,87639.962,300.2203105,0.000477135,0.002491733,0.000249702,NA,NA,NA,"Low","High","Low","High"
"51",51,"Fiji",242,0.241387125,0.031174203,0.546999828,859.816,3652.549099,0.000636182,0.000280743,3.63e-05,NA,NA,NA,"MediumLow","Medium","Medium","Medium"
"52",52,"Finland",246,0.424566011,0.020120244,11.61214519,5365.784,46438.93294,0.00216411,7.91e-05,3.75e-06,NA,NA,NA,"High","Low","High","Low"
"53",53,"France",250,9.841480601,4.097859149,166.1760095,62879.535,40685.26118,0.002642768,0.000156513,6.52e-05,NA,NA,NA,"High","Medium","High","Medium"
"54",54,"Gabon",266,6.004075296,0.340598536,0.685450522,1624.146,8840.759423,0.000422038,0.003696758,0.000209709,NA,NA,NA,"MediumHigh","High","Low","High"
"55",55,"Gambia",270,4.084142053,0.492082104,0.483497371,1793.199,860.6392972,0.000269628,0.002277573,0.000274416,NA,NA,NA,"Low","High","Low","High"
"56",56,"Georgia",268,0.633204161,0.005383811,6.738474189,4099.096,2986.80322,0.001643893,0.000154474,1.31e-06,NA,NA,NA,"MediumLow","Medium","Medium","Low"
"57",57,"Germany",276,13.29113338,1.135996582,225.8160569,80827.001,42020.0427,0.00279382,0.000164439,1.41e-05,NA,NA,NA,"High","Medium","High","Medium"
"58",58,"Ghana",288,69.81663579,3.936592432,10.07736839,24779.614,1718.647038,0.00040668,0.002817503,0.000158864,NA,NA,NA,"MediumLow","High","Low","High"
"59",59,"Greece",300,1.108972822,0.007675701,29.54347771,10887.64,27495.55083,0.002713488,0.000101856,7.05e-07,NA,NA,NA,"High","Low","High","Low"
"60",60,"Grenada",308,0.018416719,0.005094556,0.158152774,106.227,7257.771265,0.001488819,0.000173371,4.8e-05,NA,NA,NA,"MediumHigh","Medium","Medium","Medium"
"61",61,"Guatemala",320,5.375540823,3.052476075,7.920639238,14630.42,2825.494227,0.000541382,0.000367422,0.000208639,NA,NA,NA,"MediumLow","Medium","Low","High"
"62",62,"Guinea",324,38.76945196,2.461582335,4.11232444,10192.168,672.4244016,0.000403479,0.003803847,0.000241517,NA,NA,NA,"Low","High","Low","High"
"63",63,"Guinea-Bissau",624,6.15700874,0.242202965,0.6345516,1522.603,557.6321083,0.000416754,0.004043739,0.000159072,NA,NA,NA,"Low","High","Low","High"
"64",64,"Guyana",328,0.615254624,0.083276517,0.483331681,749.43,3014.654092,0.000644932,0.000820963,0.00011112,NA,NA,NA,"MediumLow","Medium","Medium","Medium"
"65",65,"Haiti",332,15.70333924,1.49219823,5.824237042,9949.318,674.1945004,0.000585391,0.001578333,0.00014998,NA,NA,NA,"Low","Medium","Medium","High"
"66",66,"Honduras",340,2.97449972,0.293594541,4.446152247,8317.467,1904.346465,0.000534556,0.000357621,3.53e-05,NA,NA,NA,"MediumLow","Medium","Low","Medium"
"67",67,"Hungary",348,0.586546591,0.107843023,32.44143419,9927.38,13209.4967,0.003267875,5.91e-05,1.09e-05,NA,NA,NA,"High","Low","High","Medium"
"68",68,"Iceland",352,0.014397583,0.003011793,0.576445755,320.342,42717.74459,0.00179947,4.49e-05,9.4e-06,NA,NA,NA,"High","Low","High","Medium"
"69",69,"India",356,1517.383745,81.76963667,683.7525009,1234281.163,1352.706184,0.000553968,0.001229366,6.62e-05,NA,NA,NA,"MediumLow","Medium","Medium","Medium"
"70",70,"Indonesia",360,266.497124,17.89808163,186.4821912,241834.226,3122.362804,0.000771116,0.001101983,7.4e-05,NA,NA,NA,"MediumLow","Medium","Medium","Medium"
"71",71,"Iraq",368,6.496359289,0.289883485,17.78743538,29741.977,4657.280426,0.000598058,0.000218424,9.75e-06,NA,NA,NA,"MediumHigh","Medium","Medium","Medium"
"72",72,"Ireland",372,0.238866651,0.031046232,7.996758529,4554.33,48777.58096,0.001755858,5.24e-05,6.82e-06,NA,NA,NA,"High","Low","High","Low"
"73",73,"Israel",376,1.003247129,0.178799203,10.96473338,7346.446,31851.54806,0.001492522,0.000136562,2.43e-05,NA,NA,NA,"High","Medium","Medium","Medium"
"74",74,"Italy",380,7.263363889,1.668353701,169.3949903,59325.232,35971.50621,0.002855362,0.000122433,2.81e-05,NA,NA,NA,"High","Low","High","Medium"
"75",75,"Jamaica",388,1.24172177,0.084936293,3.626392187,2810.464,4704.050492,0.001290318,0.000441821,3.02e-05,NA,NA,NA,"MediumHigh","Medium","Medium","Medium"
"76",76,"Japan",392,20.62522594,2.898212254,367.5091178,128542.349,44344.12458,0.002859051,0.000160455,2.25e-05,NA,NA,NA,"High","Medium","High","Medium"
"77",77,"Jordan",400,0.444850026,0.027654256,3.596332872,7261.541,3652.065081,0.000495258,6.13e-05,3.81e-06,NA,NA,NA,"MediumLow","Low","Low","Low"
"78",78,"Kazakhstan",398,3.63143815,0.098334588,27.11905764,16252.273,9109.328497,0.001668632,0.000223442,6.05e-06,NA,NA,NA,"MediumHigh","Medium","Medium","Low"
"79",79,"Kenya",404,149.9306997,6.218037804,21.4650491,42030.684,951.6781896,0.000510699,0.003567172,0.00014794,NA,NA,NA,"Low","High","Low","High"
"80",80,"Kiribati",296,0.093075498,0.015238315,0.062147949,102.93,1516.861073,0.000603788,0.00090426,0.000148045,NA,NA,NA,"MediumLow","Medium","Medium","High"
"81",81,"Kuwait",414,0.173978372,0.005046022,1.038777079,2991.884,38576.3778,0.000347198,5.82e-05,1.69e-06,NA,NA,NA,"High","Low","Low","Low"
"82",82,"Kyrgyzstan",417,1.113376916,0.024056763,3.308517741,5422.298,884.1945319,0.000610169,0.000205333,4.44e-06,NA,NA,NA,"Low","Medium","Medium","Low"
"83",83,"Lao People's Democratic Republic",418,9.027252718,0.365454627,4.677613064,6249.168,1170.308459,0.000748518,0.001444553,5.85e-05,NA,NA,NA,"MediumLow","Medium","Medium","Medium"
"84",84,"Latvia",428,0.247685932,0.024152203,6.307207263,2118.855,11234.29219,0.002976705,0.000116896,1.14e-05,NA,NA,NA,"MediumHigh","Low","High","Medium"
"85",85,"Lebanon",422,0.323620261,0.014247341,4.459907117,4953.064,7756.74581,0.000900434,6.53e-05,2.88e-06,NA,NA,NA,"MediumHigh","Low","Medium","Low"
"86",86,"Lesotho",426,12.03088366,0.261880245,1.242788224,1995.575,1195.613483,0.000622772,0.006028781,0.00013123,NA,NA,NA,"MediumLow","High","Medium","High"
"87",87,"Liberia",430,15.10057971,0.517856202,1.535993147,3891.357,332.0179392,0.000394719,0.003880543,0.000133079,NA,NA,NA,"Low","High","Low","High"
"88",88,"Lithuania",440,0.493480362,0.010726561,8.248209199,3123.825,11855.51957,0.00264042,0.000157973,3.43e-06,NA,NA,NA,"MediumHigh","Medium","High","Low"
"89",89,"Luxembourg",442,0.074193449,0.013483882,1.055218314,507.89,104771.8632,0.002077651,0.000146082,2.65e-05,NA,NA,NA,"High","Medium","High","Medium"
"90",90,"Madagascar",450,36.19763185,7.524512321,12.39700676,21151.64,471.9592116,0.000586101,0.001711339,0.000355741,NA,NA,NA,"Low","High","Medium","High"
"91",91,"Malawi",454,72.55758694,3.797286741,10.20512586,14539.609,478.6687301,0.000701884,0.00499034,0.000261168,NA,NA,NA,"Low","High","Medium","High"
"92",92,"Malaysia",458,12.03173395,0.082633645,20.08881585,28208.028,9040.602977,0.000712167,0.000426536,2.93e-06,NA,NA,NA,"MediumHigh","Medium","Medium","Low"
"93",93,"Maldives",462,0.031592132,0.00586167,0.190445117,365.73,7076.662433,0.000520726,8.64e-05,1.6e-05,NA,NA,NA,"MediumHigh","Low","Low","Medium"
"94",94,"Mali",466,63.11883949,8.098423831,6.733039554,15049.352,709.5819337,0.000447397,0.004194123,0.000538124,NA,NA,NA,"Low","High","Low","High"
"95",95,"Malta",470,0.012891384,0.00235771,0.859661017,414.257,21099.51937,0.002075188,3.11e-05,5.69e-06,NA,NA,NA,"High","Low","High","Low"
"96",96,"Mauritania",478,8.798346705,0.642171223,1.28848834,3494.2,1559.645261,0.000368751,0.002517986,0.000183782,NA,NA,NA,"MediumLow","High","Low","High"
"97",97,"Mauritius",480,0.258941802,0.070165537,1.044878189,1247.953,8016.050811,0.000837274,0.000207493,5.62e-05,NA,NA,NA,"MediumHigh","Medium","Medium","Medium"
"98",98,"Mexico",484,17.37113606,12.20346883,70.51672048,114092.961,9271.392119,0.000618064,0.000152254,0.000106961,NA,NA,NA,"MediumHigh","Medium","Medium","Medium"
"99",99,"Micronesia (Federated States of)",583,0.04996094,0.004919729,0.070048181,102.916,2884.045437,0.000680635,0.000485454,4.78e-05,NA,NA,NA,"MediumLow","Medium","Medium","Medium"
"100",100,"Mongolia",496,0.890618025,0.012325085,3.329925498,2719.902,2643.293413,0.001224281,0.000327445,4.53e-06,NA,NA,NA,"MediumLow","Medium","Medium","Low"
"101",101,"Montenegro",499,0.013160543,0.001013676,1.364466796,624.279,6630.025018,0.002185668,2.11e-05,1.62e-06,NA,NA,NA,"MediumHigh","Low","High","Low"
"102",102,"Morocco",504,8.128772237,0.426245217,21.93168114,32343.384,2882.110528,0.000678089,0.000251327,1.32e-05,NA,NA,NA,"MediumLow","Medium","Medium","Medium"
"103",103,"Mozambique",508,139.6805739,4.017606031,17.9273607,23531.567,472.6061383,0.000761843,0.005935881,0.000170733,NA,NA,NA,"Low","High","Medium","High"
"104",104,"Myanmar",104,78.49087062,2.902134763,48.10485422,50600.827,819.0563847,0.000950673,0.001551178,5.74e-05,NA,NA,NA,"Low","Medium","Medium","Medium"
"105",105,"Namibia",516,6.65596979,0.244215303,0.864295501,2118.877,5324.601065,0.000407903,0.003141272,0.000115257,NA,NA,NA,"MediumHigh","High","Low","Medium"
"106",106,"Nepal",524,29.96773833,0.919556097,14.37646091,27013.207,602.6977662,0.000532201,0.001109374,3.4e-05,NA,NA,NA,"Low","Medium","Low","Medium"
"107",107,"Netherlands",528,1.638447129,0.381815967,43.95796938,16682.927,50743.81746,0.002634907,9.82e-05,2.29e-05,NA,NA,NA,"High","Low","High","Medium"
"108",108,"New Zealand",554,0.245178851,0.029238486,8.492745146,4370.06,33542.73499,0.001943393,5.61e-05,6.69e-06,NA,NA,NA,"High","Low","High","Low"
"109",109,"Nicaragua",558,1.383870722,0.208763417,3.408768357,5824.058,1503.864116,0.000585291,0.000237613,3.58e-05,NA,NA,NA,"MediumLow","Medium","Medium","Medium"
"110",110,"Niger",562,67.71140031,7.321667421,4.344410338,16464.025,462.8464855,0.000263873,0.004112688,0.000444707,NA,NA,NA,"Low","High","Low","High"
"111",111,"Nigeria",566,764.5287338,50.06540581,68.7300383,158503.203,2292.444775,0.000433619,0.004823428,0.000315864,NA,NA,NA,"MediumLow","High","Low","High"
"112",112,"Norway",578,0.821367772,0.074311152,11.53892347,4885.878,87754.34803,0.002361689,0.000168111,1.52e-05,NA,NA,NA,"High","Medium","High","Medium"
"113",113,"Oman",512,0.278993431,0.032374938,0.822311106,3041.435,18712.5763,0.000270369,9.17e-05,1.06e-05,NA,NA,NA,"High","Low","Low","Medium"
"114",114,"Pakistan",586,187.7856386,7.062692486,100.3998641,179424.643,972.5973129,0.000559566,0.001046599,3.94e-05,NA,NA,NA,"Low","Medium","Medium","Medium"
"115",115,"Panama",591,1.470475996,0.16738954,2.90442983,3642.691,8082.025049,0.000797331,0.000403678,4.6e-05,NA,NA,NA,"MediumHigh","Medium","Medium","Medium"
"116",116,"Papua New Guinea",598,14.28226432,0.361096988,5.179728365,7310.512,1949.352741,0.000708532,0.001953661,4.94e-05,NA,NA,NA,"MediumLow","High","Medium","Medium"
"117",117,"Paraguay",600,1.600898567,0.259566633,4.779093434,6248.017,4359.629748,0.000764898,0.000256225,4.15e-05,NA,NA,NA,"MediumHigh","Medium","Medium","Medium"
"118",118,"Peru",604,8.633131695,2.058299968,25.3744591,29027.68,5082.309782,0.000874147,0.00029741,7.09e-05,NA,NA,NA,"MediumHigh","Medium","Medium","Medium"
"119",119,"Philippines",608,58.71918255,5.941942076,59.24253508,93966.784,2124.058456,0.000630463,0.000624893,6.32e-05,NA,NA,NA,"MediumLow","Medium","Medium","Medium"
"120",120,"Poland",616,2.90540903,0.177248517,98.36125827,38329.784,12505.19695,0.002566183,7.58e-05,4.62e-06,NA,NA,NA,"High","Low","High","Low"
"121",121,"Portugal",620,2.691674334,0.279056676,27.6219703,10596.055,22449.94396,0.002606816,0.000254026,2.63e-05,NA,NA,NA,"High","Medium","High","Medium"
"122",122,"Qatar",634,0.027841058,0.000606388,0.475412477,1856.329,67403.19425,0.000256104,1.5e-05,3.27e-07,NA,NA,NA,"High","Low","Low","Low"
"123",123,"Republic of Korea",410,7.74426501,0.345396802,78.87827722,49545.638,23091.17552,0.001592033,0.000156306,6.97e-06,NA,NA,NA,"High","Medium","Medium","Medium"
"124",124,"Republic of Moldova",498,0.904073374,0.007044429,6.499514903,4086.09,1707.01031,0.001590644,0.000221256,1.72e-06,NA,NA,NA,"MediumLow","Medium","Medium","Low"
"125",125,"Romania",642,2.644595004,0.118767061,47.83541115,20471.86,8119.689548,0.002336642,0.000129182,5.8e-06,NA,NA,NA,"MediumHigh","Medium","High","Low"
"126",126,"Russian Federation",643,47.50211152,0.72923711,335.3554825,143479.273,10732.17782,0.00233731,0.000331073,5.08e-06,NA,NA,NA,"MediumHigh","Medium","High","Low"
"127",127,"Rwanda",646,19.87933685,2.823877087,6.839562204,10039.338,574.9670743,0.000681276,0.001980144,0.000281281,NA,NA,NA,"Low","High","Medium","High"
"128",128,"Saint Lucia",662,0.042010855,0.004549929,0.208438021,174.092,8044.121407,0.001197287,0.000241314,2.61e-05,NA,NA,NA,"MediumHigh","Medium","Medium","Medium"
"129",129,"Samoa",882,0.029218974,0.004976406,0.129494272,185.944,3722.141969,0.000696415,0.000157139,2.68e-05,NA,NA,NA,"MediumLow","Medium","Medium","Medium"
"130",130,"Sao Tome and Principe",678,0.218222643,0.026667978,0.09960023,180.372,1094.710487,0.000552193,0.001209848,0.00014785,NA,NA,NA,"MediumLow","Medium","Medium","High"
"131",131,"Saudi Arabia",682,2.117349866,0.102209006,8.878721661,27421.468,19262.55252,0.000323787,7.72e-05,3.73e-06,NA,NA,NA,"High","Low","Low","Low"
"132",132,"Senegal",686,22.46513617,1.990557271,4.864332175,12678.143,1319.168533,0.000383679,0.001771958,0.000157007,NA,NA,NA,"MediumLow","High","Low","High"
"133",133,"Serbia",688,0.556288405,0.087300751,23.29814145,8991.258,5411.87473,0.002591199,6.19e-05,9.71e-06,NA,NA,NA,"MediumHigh","Low","High","Medium"
"134",134,"Seychelles",690,0.017461669,0.001669611,0.125557039,91.273,10628.11775,0.001375621,0.000191313,1.83e-05,NA,NA,NA,"MediumHigh","Medium","Medium","Medium"
"135",135,"Sierra Leone",694,36.6076834,2.404503364,2.11581112,6415.636,401.8349987,0.00032979,0.00570601,0.000374788,NA,NA,NA,"Low","High","Low","High"
"136",136,"Singapore",702,0.276605193,0.001576394,6.66238166,5131.17,46075.30935,0.001298414,5.39e-05,3.07e-07,NA,NA,NA,"High","Low","Medium","Low"
"137",137,"Slovakia",703,0.382503231,0.008165362,12.21584491,5404.293,16687.46867,0.002260396,7.08e-05,1.51e-06,NA,NA,NA,"High","Low","High","Low"
"138",138,"Slovenia",705,0.09475836,0.008088906,5.964684466,2043.336,23569.90107,0.002919091,4.64e-05,3.96e-06,NA,NA,NA,"High","Low","High","Low"
"139",139,"Solomon Islands",90,0.304366874,0.017160762,0.319963742,527.861,1363.28109,0.000606152,0.000576604,3.25e-05,NA,NA,NA,"MediumLow","Medium","Medium","Medium"
"140",140,"Somalia",706,49.0927125,11.51121546,5.268901053,12043.886,90.73356305,0.000437475,0.004076152,0.000955773,NA,NA,NA,"Low","High","Low","High"
"141",141,"South Africa",710,258.0156374,4.104538112,47.971883,51216.967,7328.592736,0.00093664,0.005037698,8.01e-05,NA,NA,NA,"MediumHigh","High","Medium","Medium"
"142",142,"South Sudan",728,45.48557142,3.232609754,6.173351321,9508.372,1576.125753,0.000649254,0.004783739,0.000339975,NA,NA,NA,"MediumLow","High","Medium","High"
"143",143,"Spain",724,5.869880179,0.931019866,106.2646199,46931.011,30272.56142,0.002264273,0.000125075,1.98e-05,NA,NA,NA,"High","Low","High","Medium"
"144",144,"Sri Lanka",144,4.205721012,0.167443083,17.61696633,20261.738,2799.649154,0.00086947,0.00020757,8.26e-06,NA,NA,NA,"MediumLow","Medium","Medium","Medium"
"145",145,"Sudan",729,48.54164755,1.198909706,14.41605946,34545.014,1582.809233,0.000417312,0.001405171,3.47e-05,NA,NA,NA,"MediumLow","Medium","Low","Medium"
"146",146,"Suriname",740,0.24985653,0.014027091,0.545232933,529.126,8255.757754,0.001030441,0.000472206,2.65e-05,NA,NA,NA,"MediumHigh","Medium","Medium","Medium"
"147",147,"Sweden",752,1.564138099,0.220030189,22.69312819,9390.157,52749.70801,0.002416693,0.000166572,2.34e-05,NA,NA,NA,"High","Medium","High","Medium"
"148",148,"Switzerland",756,0.631055556,0.112664925,16.89175571,7808.674,74760.82407,0.002163204,8.08e-05,1.44e-05,NA,NA,NA,"High","Low","High","Medium"
"149",149,"Syrian Arab Republic",760,1.842028224,0.143560892,13.97290107,21362.541,2830.428555,0.000654084,8.62e-05,6.72e-06,NA,NA,NA,"MediumLow","Low","Medium","Low"
"150",150,"Tajikistan",762,3.400099993,0.206307709,4.111613604,7527.397,749.5523492,0.00054622,0.000451697,2.74e-05,NA,NA,NA,"Low","Medium","Medium","Medium"
"151",151,"Thailand",764,42.76870982,0.715301468,83.10241224,67195.032,5076.337964,0.001236734,0.000636486,1.06e-05,NA,NA,NA,"MediumHigh","Medium","Medium","Medium"
"152",152,"Togo",768,22.88233265,1.123240341,2.652941961,6421.674,533.5087687,0.000413123,0.003563297,0.000174914,NA,NA,NA,"Low","High","Low","High"
"153",153,"Tonga",776,0.022749372,0.004864751,0.113709156,103.981,3595.429846,0.001093557,0.000218784,4.68e-05,NA,NA,NA,"MediumLow","Medium","Medium","Medium"
"154",154,"Trinidad and Tobago",780,0.44854868,0.067547291,1.778293241,1328.144,16701.76726,0.001338931,0.000337726,5.09e-05,NA,NA,NA,"High","Medium","Medium","Medium"
"155",155,"Tunisia",788,1.199943562,0.049910968,7.119941169,10635.245,4141.99606,0.000669467,0.000112827,4.69e-06,NA,NA,NA,"MediumHigh","Low","Medium","Low"
"156",156,"Turkey",792,5.319954965,0.665895551,90.43946994,72326.992,10672.0439,0.001250425,7.36e-05,9.21e-06,NA,NA,NA,"MediumHigh","Low","Medium","Medium"
"157",157,"Turkmenistan",795,2.442602855,0.027391116,4.164881439,5087.211,4439.200382,0.000818696,0.000480146,5.38e-06,NA,NA,NA,"MediumHigh","Medium","Medium","Low"
"158",158,"Uganda",800,131.0226103,7.849363291,21.67959612,32428.164,606.9766601,0.000668542,0.004040396,0.000242054,NA,NA,NA,"Low","High","Medium","High"
"159",159,"Ukraine",804,26.34680646,0.124542944,97.48124989,45792.086,2970.217789,0.002128779,0.000575357,2.72e-06,NA,NA,NA,"MediumLow","Medium","High","Low"
"160",160,"United Arab Emirates",784,0.275106317,0.031787951,1.108086709,8549.998,33893.31689,0.000129601,3.22e-05,3.72e-06,NA,NA,NA,"High","Low","Low","Low"
"161",161,"Uruguay",858,0.825257183,0.16821426,8.170353725,3359.273,11992.03895,0.002432179,0.000245665,5.01e-05,NA,NA,NA,"MediumHigh","Medium","High","Medium"
"162",162,"Uzbekistan",860,6.705537333,0.208406976,11.39273582,28515.908,1645.013334,0.000399522,0.000235151,7.31e-06,NA,NA,NA,"MediumLow","Medium","Low","Medium"
"163",163,"Vanuatu",548,0.110865713,0.007274647,0.16325597,236.216,2966.856095,0.00069113,0.00046934,3.08e-05,NA,NA,NA,"MediumLow","Medium","Medium","Medium"
"164",164,"Viet Nam",704,40.03500228,0.205172507,87.12151535,87967.655,1317.890709,0.000990381,0.00045511,2.33e-06,NA,NA,NA,"MediumLow","Medium","Medium","Low"
"165",165,"Yemen",887,15.35203613,0.433794194,8.376462276,23154.854,1334.784943,0.000361758,0.000663016,1.87e-05,NA,NA,NA,"MediumLow","Medium","Low","Medium"
"166",166,"Zambia",894,58.70885592,4.318164441,6.947765671,13605.986,1489.447621,0.00051064,0.004314928,0.000317372,NA,NA,NA,"MediumLow","High","Low","High"
"167",167,"Zimbabwe",716,77.31271382,4.75785537,7.792863193,12697.728,948.3318526,0.000613721,0.006088705,0.000374701,NA,NA,NA,"Low","High","Medium","High"
